event_id,title,date
E300,Seamless systemic Graphical User Interface,2025-06-12T11:43:24.090067
E301,Networked composite array,2025-05-25T11:43:24.090104
E302,Devolved upward-trending array,2025-05-29T11:43:24.090126
E303,Operative discrete complexity,2025-05-30T11:43:24.090146
E304,Open-source asynchronous array,2025-06-03T11:43:24.090169
E305,Function-based asynchronous synergy,2025-05-15T11:43:24.090199
E306,Enhanced solution-oriented data-warehouse,2025-06-01T11:43:24.090230
E307,Configurable system-worthy data-warehouse,2025-06-02T11:43:24.090252
E308,Secured context-sensitive structure,2025-05-23T11:43:24.090273
E309,Realigned systematic policy,2025-06-04T11:43:24.090292
