user_id,role,bio,joined
U1000,writer,Yeah might throughout.,2021-01-27
U1001,writer,Reveal sit important never ground.,2024-12-10
U1002,reader,Conference act strong also everybody nice three.,2022-08-20
U1003,writer,Trial role population fish behind walk receive image.,2024-08-19
U1004,writer,Perform car woman.,2021-05-09
U1005,writer,Spend strategy participant firm score.,2025-01-31
U1006,writer,Fund edge friend pass father.,2024-10-30
U1007,reader,Grow answer leg standard third grow.,2023-02-27
U1008,writer,Senior recently as beat believe whose.,2021-07-08
U1009,writer,Claim say particular lead suddenly.,2020-05-04
U1010,reader,Letter gas million far feeling attorney enjoy.,2022-02-16
U1011,reader,Owner maintain beautiful figure.,2022-09-20
U1012,writer,Individual political cover edge especially.,2023-10-10
U1013,writer,Media light fine down require anyone.,2020-02-22
U1014,writer,Low reason seat.,2021-12-25
U1015,reader,Year itself same page result father all.,2020-03-16
U1016,reader,Reveal century laugh ball end.,2025-03-04
U1017,writer,Morning resource major painting.,2024-07-17
U1018,writer,Expect close night reveal later whole father.,2024-02-22
U1019,writer,Different again over.,2024-03-11
U1020,writer,Would task wide.,2021-03-24
U1021,writer,Benefit foot window from situation opportunity sister by.,2024-11-26
U1022,writer,Every study land beyond voice.,2022-04-10
U1023,writer,Land central suffer notice hand.,2025-05-02
U1024,reader,Fire matter white leave personal politics.,2023-10-05
U1025,writer,More want city risk site stock rule.,2021-10-07
U1026,reader,Message article this hear six.,2022-02-18
U1027,reader,Really call quickly particularly drug total.,2020-10-18
U1028,reader,Man fish together adult nation phone.,2021-02-16
U1029,reader,Bed improve beyond help.,2023-02-18
U1030,reader,Happen officer I special able.,2022-05-26
U1031,writer,Name develop push painting measure probably.,2024-05-03
U1032,reader,Toward language their particularly far.,2020-08-17
U1033,reader,Relationship itself theory writer tax small.,2021-06-13
U1034,reader,Defense Republican difference throughout bag.,2023-02-02
U1035,reader,Before bad person far hot region manage.,2020-08-04
U1036,reader,Policy responsibility hold feel always claim.,2024-05-16
U1037,reader,Clear responsibility answer TV.,2024-09-29
U1038,reader,First lot tough prevent economy black western.,2022-07-18
U1039,writer,Can discuss east system move ok allow.,2020-02-20
U1040,writer,Inside adult budget agree.,2021-09-25
U1041,writer,Upon investment treatment speak Mrs.,2022-04-18
U1042,reader,Event high along traditional weight.,2021-11-12
U1043,reader,Point fund phone fund.,2020-12-18
U1044,reader,Build current stuff toward.,2022-07-08
U1045,reader,Hear stand strong enter more.,2022-07-09
U1046,reader,Act read score join society professional.,2023-12-27
U1047,reader,Bag plant develop family hard involve investment.,2021-11-27
U1048,reader,Attention magazine expect treat nation area.,2020-01-18
U1049,reader,Plant do be these structure feeling animal difficult.,2020-05-05
U1050,writer,Stand star while mission.,2020-10-24
U1051,writer,Section political book civil accept.,2022-07-15
U1052,writer,While edge serious service.,2020-11-14
U1053,reader,Significant democratic crime.,2020-04-27
U1054,reader,Industry agency activity rock relationship less from prevent.,2023-12-18
U1055,reader,Policy they debate interview deep provide budget stock.,2024-12-03
U1056,reader,Company discover degree before again country full.,2023-11-29
U1057,writer,Woman culture rise gas population site manage.,2024-06-05
U1058,reader,Time give pull finish.,2020-03-29
U1059,writer,Television affect military often.,2022-03-02
U1060,reader,Unit quite happen agreement eye serious subject group.,2022-10-25
U1061,reader,Decide require pay.,2024-02-27
U1062,writer,Place dream necessary several last Democrat painting continue.,2022-07-27
U1063,writer,Cover condition create skill too serious couple.,2025-03-29
U1064,writer,During several industry those treatment public image.,2021-11-18
U1065,writer,Guy office reason view bad particular local.,2024-02-08
U1066,reader,Since run light measure teacher receive road.,2020-01-01
U1067,writer,Significant must thank base play model visit six.,2022-04-09
U1068,writer,Read still truth.,2022-03-30
U1069,writer,Tax let technology test.,2023-05-12
U1070,reader,Cost watch foreign wish these letter determine.,2020-12-19
U1071,writer,Hold relationship record remember region woman cell wear.,2024-01-07
U1072,reader,Main foot training foot up last model.,2021-01-17
U1073,reader,Amount fish may information white fight.,2021-09-14
U1074,writer,Improve campaign me environmental case movement.,2024-02-24
U1075,writer,Likely hard deep under.,2023-09-27
U1076,reader,Buy sound federal task.,2023-09-29
U1077,reader,Poor about network serve would.,2023-02-04
U1078,reader,Space draw particularly.,2021-07-02
U1079,reader,Seven large surface.,2022-09-16
U1080,reader,Long dream usually.,2024-12-29
U1081,reader,Cup less expect must.,2023-05-15
U1082,reader,Activity skill life animal.,2023-03-10
U1083,reader,Compare peace record.,2025-03-21
U1084,reader,Necessary responsibility company.,2022-11-28
U1085,reader,Guess town election challenge project not might customer.,2023-05-05
U1086,writer,Remember why him left after.,2022-11-18
U1087,reader,Skin thought lead teacher paper child.,2020-10-18
U1088,writer,Past scene federal.,2022-08-14
U1089,reader,Then start hand hold.,2021-07-21
U1090,writer,In nearly general light new majority certainly.,2024-11-02
U1091,reader,Traditional subject much.,2023-04-20
U1092,reader,Care clear real series parent bring.,2021-10-06
U1093,writer,Song sea simply blood yes sometimes.,2023-02-16
U1094,reader,Present order population.,2025-01-15
U1095,reader,Smile water amount eye Mr wish.,2020-10-06
U1096,reader,Hundred trip instead federal tonight husband only.,2024-07-14
U1097,reader,Animal run skin understand town.,2022-10-10
U1098,reader,Involve PM official minute.,2022-08-02
U1099,writer,Consumer weight nearly agreement.,2020-09-08
