user_id,username,role,bio,joined
U1000,nicholas59,writer,Yeah might throughout.,2021-01-27
U1001,jgreen,writer,Reveal sit important never ground.,2024-12-10
U1002,hvega,reader,Conference act strong also everybody nice three.,2022-08-20
U1003,robinsonheather,writer,Trial role population fish behind walk receive image.,2024-08-19
U1004,matthew41,writer,Perform car woman.,2021-05-09
U1005,jonesjeremy,writer,Spend strategy participant firm score.,2025-01-31
U1006,christinaflores,writer,Fund edge friend pass father.,2024-10-30
U1007,hillmonique,reader,Grow answer leg standard third grow.,2023-02-27
U1008,jill55,writer,Senior recently as beat believe whose.,2021-07-08
U1009,alicia54,writer,Claim say particular lead suddenly.,2020-05-04
U1010,kramirez,reader,Letter gas million far feeling attorney enjoy.,2022-02-16
U1011,matthew46,reader,Owner maintain beautiful figure.,2022-09-20
U1012,kimberlydickson,writer,Individual political cover edge especially.,2023-10-10
U1013,josemitchell,writer,Media light fine down require anyone.,2020-02-22
U1014,ronaldhoward,writer,Low reason seat.,2021-12-25
U1015,ellistiffany,reader,Year itself same page result father all.,2020-03-16
U1016,allisonbarrett,reader,Reveal century laugh ball end.,2025-03-04
U1017,vasquezthomas,writer,Morning resource major painting.,2024-07-17
U1018,jdalton,writer,Expect close night reveal later whole father.,2024-02-22
U1019,robinsonjoseph,writer,Different again over.,2024-03-11
U1020,amanda90,writer,Would task wide.,2021-03-24
U1021,pbarnes,writer,Benefit foot window from situation opportunity sister by.,2024-11-26
U1022,pittmancharles,writer,Every study land beyond voice.,2022-04-10
U1023,ydavis,writer,Land central suffer notice hand.,2025-05-02
U1024,woodclinton,reader,Fire matter white leave personal politics.,2023-10-05
U1025,gdudley,writer,More want city risk site stock rule.,2021-10-07
U1026,piercetaylor,reader,Message article this hear six.,2022-02-18
U1027,amills,reader,Really call quickly particularly drug total.,2020-10-18
U1028,cassandra45,reader,Man fish together adult nation phone.,2021-02-16
U1029,dereklewis,reader,Bed improve beyond help.,2023-02-18
U1030,villarrealbarbara,reader,Happen officer I special able.,2022-05-26
U1031,scottmaurice,writer,Name develop push painting measure probably.,2024-05-03
U1032,csoto,reader,Toward language their particularly far.,2020-08-17
U1033,ilane,reader,Relationship itself theory writer tax small.,2021-06-13
U1034,douglas54,reader,Defense Republican difference throughout bag.,2023-02-02
U1035,ruth94,reader,Before bad person far hot region manage.,2020-08-04
U1036,williamswilliam,reader,Policy responsibility hold feel always claim.,2024-05-16
U1037,ellismelissa,reader,Clear responsibility answer TV.,2024-09-29
U1038,christopher07,reader,First lot tough prevent economy black western.,2022-07-18
U1039,cindyreed,writer,Can discuss east system move ok allow.,2020-02-20
U1040,mclaughlinbrian,writer,Inside adult budget agree.,2021-09-25
U1041,ellisrobert,writer,Upon investment treatment speak Mrs.,2022-04-18
U1042,lisabrown,reader,Event high along traditional weight.,2021-11-12
U1043,tracy32,reader,Point fund phone fund.,2020-12-18
U1044,pcohen,reader,Build current stuff toward.,2022-07-08
U1045,ashleymartin,reader,Hear stand strong enter more.,2022-07-09
U1046,lgilbert,reader,Act read score join society professional.,2023-12-27
U1047,christina16,reader,Bag plant develop family hard involve investment.,2021-11-27
U1048,james12,reader,Attention magazine expect treat nation area.,2020-01-18
U1049,katherine00,reader,Plant do be these structure feeling animal difficult.,2020-05-05
U1050,vhawkins,writer,Stand star while mission.,2020-10-24
U1051,xsnow,writer,Section political book civil accept.,2022-07-15
U1052,dolson,writer,While edge serious service.,2020-11-14
U1053,snydersteven,reader,Significant democratic crime.,2020-04-27
U1054,trodriguez,reader,Industry agency activity rock relationship less from prevent.,2023-12-18
U1055,qortega,reader,Policy they debate interview deep provide budget stock.,2024-12-03
U1056,jamesangela,reader,Company discover degree before again country full.,2023-11-29
U1057,louis67,writer,Woman culture rise gas population site manage.,2024-06-05
U1058,robbinsdaniel,reader,Time give pull finish.,2020-03-29
U1059,williamsanna,writer,Television affect military often.,2022-03-02
U1060,shieldsjoseph,reader,Unit quite happen agreement eye serious subject group.,2022-10-25
U1061,fkelly,reader,Decide require pay.,2024-02-27
U1062,brian43,writer,Place dream necessary several last Democrat painting continue.,2022-07-27
U1063,beckteresa,writer,Cover condition create skill too serious couple.,2025-03-29
U1064,ifry,writer,During several industry those treatment public image.,2021-11-18
U1065,gbaird,writer,Guy office reason view bad particular local.,2024-02-08
U1066,aliciamccoy,reader,Since run light measure teacher receive road.,2020-01-01
U1067,floreschristina,writer,Significant must thank base play model visit six.,2022-04-09
U1068,melissa53,writer,Read still truth.,2022-03-30
U1069,robert61,writer,Tax let technology test.,2023-05-12
U1070,loribaker,reader,Cost watch foreign wish these letter determine.,2020-12-19
U1071,julie85,writer,Hold relationship record remember region woman cell wear.,2024-01-07
U1072,lisa75,reader,Main foot training foot up last model.,2021-01-17
U1073,fmiller,reader,Amount fish may information white fight.,2021-09-14
U1074,josephbrown,writer,Improve campaign me environmental case movement.,2024-02-24
U1075,emiller,writer,Likely hard deep under.,2023-09-27
U1076,jacob10,reader,Buy sound federal task.,2023-09-29
U1077,virginiaguerrero,reader,Poor about network serve would.,2023-02-04
U1078,natalie52,reader,Space draw particularly.,2021-07-02
U1079,jacqueline86,reader,Seven large surface.,2022-09-16
U1080,gabrielcooper,reader,Long dream usually.,2024-12-29
U1081,brittneygomez,reader,Cup less expect must.,2023-05-15
U1082,janice91,reader,Activity skill life animal.,2023-03-10
U1083,cgomez,reader,Compare peace record.,2025-03-21
U1084,james99,reader,Necessary responsibility company.,2022-11-28
U1085,delgadokelly,reader,Guess town election challenge project not might customer.,2023-05-05
U1086,alyssafernandez,writer,Remember why him left after.,2022-11-18
U1087,tonya47,reader,Skin thought lead teacher paper child.,2020-10-18
U1088,hendersonlaura,writer,Past scene federal.,2022-08-14
U1089,sjohnson,reader,Then start hand hold.,2021-07-21
U1090,kperez,writer,In nearly general light new majority certainly.,2024-11-02
U1091,rlyons,reader,Traditional subject much.,2023-04-20
U1092,yrodriguez,reader,Care clear real series parent bring.,2021-10-06
U1093,odominguez,writer,Song sea simply blood yes sometimes.,2023-02-16
U1094,murrayspencer,reader,Present order population.,2025-01-15
U1095,christian27,reader,Smile water amount eye Mr wish.,2020-10-06
U1096,melissa45,reader,Hundred trip instead federal tonight husband only.,2024-07-14
U1097,fernandezstephanie,reader,Animal run skin understand town.,2022-10-10
U1098,robertleon,reader,Involve PM official minute.,2022-08-02
U1099,wardcatherine,writer,Consumer weight nearly agreement.,2020-09-08
